pd.read_sql,pd.read_sql,pd.read_sql,pd.read_sql,pd.merge,pd.merge,pd.merge,pd.merge
category_name,title,rating,price_inr,category_name,title,rating,price_inr
Add a comment,"The Mindfulness and Acceptance Workbook for Anxiety: A Guide to Breaking Free from Anxiety, Phobias, and Worry Using Acceptance and Commitment Therapy",4,2520.4,Add a comment,"The Mindfulness and Acceptance Workbook for Anxiety: A Guide to Breaking Free from Anxiety, Phobias, and Worry Using Acceptance and Commitment Therapy",4,2520.4
Add a comment,On a Midnight Clear,3,1484.38,Add a comment,On a Midnight Clear,3,1484.38
Add a comment,The Art Forger,3,4300.18,Add a comment,The Art Forger,3,4300.18
Add a comment,Judo: Seven Steps to Black Belt (an Introductory Guide for Beginners),2,5686.45,Add a comment,Judo: Seven Steps to Black Belt (an Introductory Guide for Beginners),2,5686.45
Add a comment,The Torch Is Passed: A Harding Family Story,1,2014.0,Add a comment,The Torch Is Passed: A Harding Family Story,1,2014.0
Art,Wall and Piece,4,4660.99,Art,Wall and Piece,4,4660.99
Business,The Dirty Little Secrets of Getting Your Dream Job,4,3517.37,Business,The Dirty Little Secrets of Getting Your Dream Job,4,3517.37
Childrens,Birdsong: A Story in Pictures,3,5764.52,Childrens,Birdsong: A Story in Pictures,3,5764.52
Childrens,The Bear and the Piano,1,3891.9,Childrens,The Bear and the Piano,1,3891.9
Childrens,The Secret of Dreadwillow Carse,1,5921.72,Childrens,The Secret of Dreadwillow Carse,1,5921.72
